[
  {
    "Id": 500000,
    "Name": "Clockwork Oracle",
    "Description": "A ticking, wheezing eldritch abomination.  It knows many things, but what will it divulge?",
    "AllowsSecondChancesOnChallengesForQuality": null,
    "AssignToSlot": null,
    "AvailableAt": null,
    "Cap": null,
    "CssClasses": null,
    "Enhancements": [],
    "EnhancementsDescription": null,
    "GivesTrophy": null,
    "HimbleLevel": 0,
    "Image": "clock",
    "IsSlot": false,
    "LimitedToArea": null,
    "Notes": "",
    "Ordering": 0,
    "OwnerName": "Alexis",
    "Persistent": false,
    "PreventNaming": false,
    "PyramidNumberIncreaseLimit": 50,
    "QualitiesWhichAllowSecondChanceOnThis": [],
    "RelationshipCapable": false,
    "Tag": "Goods",
    "UsePyramidNumbers": false,
    "Visible": true,
    "World": null,
    "UseEvent": {
      "ChildBranches": [],
      "ParentBranch": null,
      "QualitiesAffected": [],
      "QualitiesRequired": [],
      "Image": null,
      "Description": null,
      "Tag": null,
      "ExoticEffects": null,
      "Note": null,
      "ChallengeLevel": 0,
      "UnclearedEditAt": null,
      "LastEditedBy": null,
      "Ordering": 0,
      "ShowAsMessage": false,
      "LivingStory": null,
      "LinkToEvent": null,
      "Deck": null,
      "Category": "Unspecialised",
      "LimitedToArea": null,
      "World": null,
      "Transient": false,
      "Stickiness": 0,
      "MoveToAreaId": 0,
      "MoveToArea": null,
      "MoveToDomicile": null,
      "SwitchToSetting": null,
      "FatePointsChange": 0,
      "BootyValue": 0,
      "LogInJournalAgainstQuality": null,
      "Setting": null,
      "Urgency": "Normal",
      "Teaser": null,
      "OwnerName": null,
      "DateTimeCreated": "2015-09-28T23:18:55.588Z",
      "Distribution": 0,
      "Autofire": true,
      "CanGoBack": false,
      "Name": null,
      "Id": 500035
    },
    "DifficultyTestType": "Broad",
    "DifficultyScaler": 60,
    "AllowedOn": "Character",
    "Nature": "Thing",
    "Category": "Goods",
    "LevelDescriptionText": null,
    "ChangeDescriptionText": null,
    "LevelImageText": null
  }
]